Id,GithubUrl,Role
9856098,Olawalle,['Frontend']
2549767,rupok,['Mobile']
6308776,minhkhang1795,['Mobile']
8155999,angeal185,['Mobile']
4454996,jessica-jordan,['Frontend']
9878099,dokrongly,['Backend']
6308174,jrizza88,['Frontend']
55075,EA31337,['DevOps']
4086,ferruccio,['Backend']
9878627,mkp0203,['Frontend']
2580058,kjkrol,['Backend']
4477569,milad72t,['Backend']
13613056,arishojaei,['Frontend']
6332428,lordnino,['Frontend']
8182578,syknapse,['Frontend']
13612030,janogale,['Frontend']
4481187,abhigyantiwari,"['Frontend', 'Backend']"
11691076,adam-harmasz,['Backend']
2586904,vigneshuvi,['Mobile']
2587280,diancabral,['Frontend']
74653,neildavis,['Mobile']
6337276,0raclewind,['Frontend']
11695036,yoet92,"['Frontend', 'Backend']"
4491668,neelmanisehgal,['DataScience']
8191580,bradleyhop,['Frontend']
91660,jbasinger,['Mobile']
6339501,akshaycs10,['Backend']
99868,jvangael,['DataScience']
6345677,razibmahmud50,['Frontend']
4497982,marcobuschini,"['Frontend', 'Backend']"
2601521,ohadcn,['Mobile']
8197062,bestbrain10,"['Backend', 'DevOps']"
2604201,danimai,['Frontend']
127660,timburgess,['Frontend']
124069,chaseflorell,['DevOps']
6355795,digitalpow,['Frontend']
4503488,mrugeshparekh,['Frontend']
6358010,argylearson,['Backend']
8209382,swapnil1207,['Frontend']
6355348,luboganev,"['Frontend', 'Backend', 'Mobile']"
6359951,hawz,['Frontend']
149530,mfukar,['Mobile']
4509462,chnavarro,['Mobile']
2614426,Satevg,['DevOps']
8207824,shawnthottan,"['Frontend', 'Backend', 'DevOps']"
6360989,iamcaleberic,['DevOps']
150999,slai,['Backend']
4514063,ruikq,['Mobile']
11713310,lornaroberts,['Frontend']
6361484,bobnobrain,['Frontend']
9915139,leoplacencia,['Backend']
6371154,shril,['Backend']
9915572,vronney,['Frontend']
165751,maciektalaska,['Frontend']
9918007,davenathanael,['Backend']
9918309,josteph,['Frontend']
8218268,neuroslice,"['Frontend', 'Mobile']"
6373590,diegocasmo,['Frontend']
8226083,pundojnr,['Mobile']
8227896,daphnecharles,['Frontend']
8227585,bharathikannano,['Frontend']
6383587,ArielSD,['Mobile']
8230810,james-work-account,['Frontend']
4534799,kldgarrido,"['Backend', 'Mobile']"
11736959,ghayward,['DataScience']
11737161,williamtrindade,['Backend']
211779,shaunokeefe,['DevOps']
6387567,santiagofranco,['Mobile']
6388016,jasonbwelsh,['Frontend']
205813,maxnachlinger,['Frontend']
212676,n3dst4,['Frontend']
6392174,jerry-shijieli,['DataScience']
11738471,odayabueid,"['Frontend', 'Backend']"
215400,tskulbru,['Mobile']
9935435,jonathanmark,['Mobile']
2656461,smilecs,['Mobile']
4545015,yasaryousuf,['Backend']
226424,wvrossem,['Mobile']
8244292,dnlsyfq,['DataScience']
9944947,des137,['DataScience']
8248194,david26694,['DataScience']
4548635,jaredstevick,"['Backend', 'Mobile']"
13674995,emberglo,['Frontend']
13673337,perfect-dav,['Frontend']
2656991,nalon99,['DataScience']
231529,ChristianPeters,['Frontend']
8248523,dksifoua,['DataScience']
8248648,bartolomej,['Frontend']
2659774,besingamkb,"['Frontend', 'Backend']"
240395,jcalejero,['DataScience']
240490,jonathaneunice,['DevOps']
8249695,ricardoferreirades,['Frontend']
2664634,ezzpify,['Mobile']
8253662,maheshmnj,['Mobile']
6407474,socalledpf,['Frontend']
6408008,rewberl,['DataScience']
2670507,andreaugusto,"['Frontend', 'Backend']"
2661182,cristofersousa,['Frontend']
2661706,rzani,['DevOps']
245966,jakub-g,['Mobile']
4556802,argarak,['Frontend']
8259771,stupidly-logical,['Mobile']
2674956,manjush3v,['DataScience']
6410960,mariocarloni,['DevOps']
260805,jensrantil,['Backend']
4565485,ogirginc,['Backend']
263651,tbd-develop,['Backend']
253940,leovo2708,"['Frontend', 'Backend']"
9961885,lvlasuod,"['Backend', 'Mobile']"
6415546,nsfabina,['DataScience']
4568782,lkjhvcxz2002,['Backend']
13692620,jumns,['Frontend']
275339,plashchynski,['DevOps']
6415994,gauravjain98,['DevOps']
13695839,kulkarniatharva,['Mobile']
281188,cnrun,['DevOps']
274154,vood,['Backend']
4570921,jimtryon,['Frontend']
6430017,mymosh,['Mobile']
285714,bumbleb2na,"['Frontend', 'Mobile']"
9970273,chanduvemula,['Frontend']
289992,bottlenecked,"['Frontend', 'Backend']"
8272710,sholu,['DevOps']
2692326,vothanhdat,"['Frontend', 'Backend']"
4579834,aliradmanesh,"['Frontend', 'Mobile']"
8281678,mbreitling95,['Frontend']
300807,ChrisCooper,['Mobile']
9984633,mahyamkashani,['Backend']
2701144,tenkiller,['Backend']
306602,naikus,['Mobile']
307283,ispmarin,['DataScience']
308341,juanpicado,['Frontend']
309240,misiur,"['Frontend', 'Backend']"
13710880,waynerocha,['Frontend']
4594263,belenfg,['Backend']
4595281,cemarte,['Frontend']
2705186,ericbastarache,['Frontend']
316656,themiurgo,['DataScience']
4594857,xinranli,['Frontend']
9987979,iamrajee,['Mobile']
317582,ialpert,['Backend']
321422,ramses-lopez,['Backend']
4601340,legras,['Backend']
2715987,gulisashvili,['Frontend']
8303730,benedikt-mayer,['DataScience']
329082,vepo,['Backend']
331035,mnichols,"['Frontend', 'Backend']"
13723967,constiny,['DataScience']
11803632,blocknatics,"['Frontend', 'Backend']"
10002204,fmirdita,['Frontend']
9998893,feysal-ibrahim,['Frontend']
6457243,jessecambon,['DataScience']
11809191,parvezsohel,"['Frontend', 'Backend']"
4614886,jeramai,"['Frontend', 'Backend']"
11810247,nanthini10,['DataScience']
13736070,diegorojas93,['Mobile']
6464579,nedimcimpo,['Frontend']
11814169,quandb,['DataScience']
2731417,sirhoe,['DevOps']
11815257,rafiandria23,['DevOps']
8316056,lypzis,['Frontend']
2736686,ErikUggeldahl,['Mobile']
358245,chaobin,['Mobile']
4620259,billyhalim,"['Frontend', 'Backend', 'Mobile']"
4622075,alokkarma,['Frontend']
2737477,michael-hoffman,['DataScience']
4622470,rohanil,['Backend']
359540,sauceforge,['DevOps']
10015930,aabbhishek,"['Frontend', 'Backend', 'Mobile']"
13744318,daduam,['Frontend']
10011792,drew0530,['DevOps']
4628807,ismaelezequiel,"['Frontend', 'Backend']"
364282,drsammyd,['Frontend']
6476982,stephcerratti,['Frontend']
11825464,hrmstockdale,['Frontend']
10019547,jgturner1979,"['Frontend', 'Backend']"
6482248,pprathameshmore,"['Backend', 'Mobile']"
8325905,mpruna,['DevOps']
379949,sneas,['Frontend']
10024329,amorriscode,['DataScience']
4631493,joaomacp,['Backend']
374783,studiomohawk,['Frontend']
4632555,elivank,['Backend']
10027996,ramazanerikli,['Frontend']
2749890,chyngyz,['Frontend']
10027630,horaciocome1,['Mobile']
4637638,pichillilorenzo,['Mobile']
392923,lebedov,['DataScience']
6495570,abhirkeesara,['Frontend']
10032214,leosena777,['Mobile']
4644335,bhavinshah2010,['Frontend']
10037779,sazzadshakhbd,['Frontend']
4647781,davidcetinkaya,['Frontend']
11846165,crbilladeau,"['Frontend', 'Mobile']"
2773398,deebloo,['Frontend']
8350143,rahulshukla-rs,"['Frontend', 'Backend']"
4654400,pdelboca,['DataScience']
418131,beatrupp,['Mobile']
11854570,kamiltkacz,['Frontend']
425741,alejandroiglesias,['Frontend']
2780428,alicj,"['Frontend', 'Backend']"
13778589,nathanieldaniels,['Frontend']
6510470,erolrecep,['DataScience']
11853898,ShiannWilliams,"['Frontend', 'Backend']"
2776566,rdrozdowski,['Frontend']
8357798,rominamartin,"['Frontend', 'Mobile']"
6512762,davidfumo,['Mobile']
4665097,paolazaratem,['Frontend']
433061,bdetweiler,['DevOps']
13780821,mayank-dev1822,['Backend']
8363837,harriscreativity,['Mobile']
10060327,gradientus,['Frontend']
2789652,Damiya,['Frontend']
4674965,jifarooq,"['Frontend', 'Backend']"
11868024,maelfabien,['DataScience']
2796772,parabuzzle,['DevOps']
10061502,bluemona,['Mobile']
6527598,samitier,['Frontend']
13791661,rahmakevo,['Mobile']
10055961,adimacci95,['Frontend']
11865028,cpolishak,['Frontend']
6529306,ajpwilson,['Frontend']
457268,k0pernikus,['Backend']
13794784,akinghill,['Frontend']
11874058,eduardocorreas,['Mobile']
6535392,intersim,['Frontend']
6535426,hungqcao,"['Frontend', 'Backend']"
6535616,kavalcante,['Frontend']
470682,khanmurtuza,['Mobile']
10074064,phamhere,['Frontend']
10071594,chetan177,['Frontend']
10071872,gabrielqschicora,"['Frontend', 'Backend']"
6535217,melaniew,['Frontend']
472974,sbuggay,['Frontend']
2809177,rluena,"['Frontend', 'Backend']"
10068408,finianoneill,['DataScience']
4687451,bot101,['Mobile']
467722,leucos,['DevOps']
6543357,surajzinjad,['DevOps']
11881283,furquan95,['Frontend']
11881536,adisingh1992,['Mobile']
4692466,domzinhuu,['Mobile']
476116,stackoverflow,['Backend']
11889299,vkrinichansky,['Frontend']
10082744,anhnicky66,['Frontend']
8389687,quwaysim,['Mobile']
8387875,omawhite,['Frontend']
6546138,s2606,['Backend']
8385829,praveencodes,['Frontend']
2821842,harryandriyan,"['Frontend', 'Backend']"
10089140,faisalkc4u,['Mobile']
11894069,good-repository,"['Frontend', 'Mobile']"
4703782,dmk1111,"['Frontend', 'Backend']"
2823106,slawciu,['Mobile']
11891459,ferneycaceres,['Frontend']
10091161,youngestsalon,['DataScience']
6552540,vikashvk,['Mobile']
2830373,chojayr,['DevOps']
510854,spapageo,['Backend']
505165,petrushev,['DataScience']
2825522,leega0,['Frontend']
8404508,rmeissn,['DevOps']
6563219,carlosrberto,['Frontend']
516384,krvladislav,['Backend']
512868,nylo-andry,"['Frontend', 'Backend']"
10103127,richardvargas1,"['Frontend', 'Backend']"
10103162,willbswift,['Frontend']
525398,binocarlos,['DevOps']
13826840,oscar-ornelas,"['Frontend', 'Backend']"
4722804,krismorte,['DevOps']
11911490,mursalfk,['DataScience']
10101063,minhazhalim,['Frontend']
8407208,abdulmoizshaikh,['Mobile']
8411937,lrabuffetti,"['Frontend', 'DevOps']"
8416569,msklyarov,['Mobile']
6569311,echo304,['Mobile']
6567101,asimolovegym,['Frontend']
4726968,schramm80,['Backend']
13834029,itamartati,"['Frontend', 'Backend']"
10110483,ruslanhasko,['Frontend']
13835203,marianafmedeiros,['DataScience']
548568,blessenm,['Mobile']
4731632,karolharumi,['Frontend']
11917716,cakazies,['Backend']
10113654,jbrowncfa,['Frontend']
2850383,kamerk22,['DevOps']
2850476,julianlopezb,['DataScience']
546686,cbrandolino,['Frontend']
4734272,olveirap,['DataScience']
11927575,puntozap,"['Frontend', 'Backend']"
6580467,lavanyamano,['Mobile']
4738227,gopinath-langote,['Mobile']
10117056,comandertvis,['Backend']
6582205,bhaltair,['Frontend']
8427476,mahender-vutkuri,['Frontend']
10123679,monikanovackova,['DataScience']
6580318,knightconan,['DataScience']
8428950,cagriaydin,['Mobile']
8429338,damienlancry,['DataScience']
4741571,ericbaranowski,['DevOps']
2862684,yongsen,['Mobile']
13849710,blainerice,['Frontend']
11934066,graysonrandall,['Frontend']
10129604,unikneeraj,['Frontend']
2869043,leggitta,['DataScience']
11929420,artjomsg,['Frontend']
568838,fadehelix,['Frontend']
8440292,srukshan98,['Mobile']
587877,jducrot,['Frontend']
584081,abanoubnassem,['Mobile']
8439576,mohith7548,['Mobile']
13860841,BryceSteuer,['Frontend']
13862543,ryanrotman,"['Frontend', 'Backend']"
8444808,fabriziomiano,['DataScience']
2882376,renielcanlas,"['Frontend', 'Backend', 'Mobile']"
6608273,mesarikaya,"['Backend', 'DataScience']"
6606000,alanssoares,['Mobile']
10146400,codr99,['DataScience']
4763593,tanvir-ux,['Mobile']
4765648,giovannimontenegro,['Frontend']
6609728,epidarian,['DevOps']
11949565,akkly4u,['Frontend']
617373,vedmack,['Frontend']
6611055,weiji14,['DataScience']
8457351,balumn,"['Backend', 'DevOps']"
13875516,idrisia12,['Frontend']
2898126,danielgil1,['DataScience']
2893010,dema501,"['Frontend', 'Backend', 'DevOps', 'Mobile']"
2893878,makibm,['Frontend']
4772229,shierro,['DevOps']
620622,bizob2828,['Backend']
625217,alireza-naghizadeh,['Backend']
2901673,www.thisisabhinay,['Frontend']
6621582,ryanjgallagher,['DataScience']
8461517,zurek11,['Backend']
4772066,eddyizm,['Backend']
4777406,unipheas,"['Frontend', 'Backend']"
628515,omrihar,['DataScience']
626433,ernestoarbitrio,['Backend']
4780154,jasminexie,['Frontend']
13887219,topwebfulldev,"['Frontend', 'Backend']"
2910061,ilesh,['Mobile']
11965698,kwlahr,['Frontend']
640815,salvan13,['Frontend']
10164573,hosseinhayati128,['DataScience']
4780576,mehdi-alouane,['Frontend']
2905834,madasamys,['Mobile']
4786793,shubhamsharmacs,['DataScience']
647622,pronix,['DevOps']
2912892,mariusc,['Mobile']
4791255,valdanylchuk,['Backend']
13896312,thedrean,"['DevOps', 'DataScience']"
654245,ryanmt,['DataScience']
650489,jbuoni,['DevOps']
657205,ChristianWilkie,['Backend']
10170271,parimaay,['Mobile']
4792074,jtremblay,['DataScience']
6637996,ianomad,['Backend']
10177264,blake-enyart,['Backend']
10173766,fengshangwuqi,['Frontend']
2922330,oscarr-reyes,['Backend']
11983620,xanderios,['Frontend']
4792380,khurram18,['Mobile']
10174710,mujjazi,['Mobile']
2928589,luanhssa,['Mobile']
670377,tomsarduy,['Frontend']
8488817,dorinmusteata,['Backend']
4799468,cody1991,['Frontend']
11987413,josephreubenbautista,['Frontend']
13913428,briarmossx1,['Frontend']
13916437,jaicedev,['Frontend']
8492750,jlgm,['Backend']
4807579,gkbluestocking,['Frontend']
679062,andreyluiz,"['Frontend', 'Mobile']"
2933600,jimguistwite,['Mobile']
13914183,hiredtocode,['Frontend']
10187911,benneee,['Frontend']
2943683,alejandrocamba,['Frontend']
686119,nluaces,['Backend']
10192796,rohitdubey03,['DataScience']
8501250,twolffpiggott,['DataScience']
4809575,espetro,['DataScience']
691168,orgmir,['Mobile']
6660756,dravionv,['Frontend']
13925694,iamnini,"['Frontend', 'Backend']"
701293,davidcollom,['DevOps']
701420,leetschau,['DataScience']
2942058,Iverson,['Frontend']
4818949,djumanoff,['Mobile']
2950295,quangdh,['Mobile']
698585,rabihkodeih,['Backend']
2950607,muddassirnazir,['DevOps']
2948916,adnfx2,['Frontend']
4820118,mesfint,['Frontend']
6663713,solomongamid,"['Frontend', 'Backend']"
704008,pranavq212,['DevOps']
2949612,pranaypatel512,['Mobile']
6669114,jorgepc78,['Mobile']
8511274,sakib042,['Frontend']
12003865,hasanse,"['Frontend', 'Mobile']"
714418,cwalsh,['DevOps']
12010589,DaKwanT,['Backend']
2956718,qetr1ck-op,"['Frontend', 'Mobile']"
6673908,jb181991,['Mobile']
8515472,manasbondale,['Mobile']
4838613,brunonavarrete,['Frontend']
6679334,rodrigobacelli,['Frontend']
10214220,kshitijyad,['DataScience']
729610,lev-savranskiy,['Frontend']
4840922,kjanshair,['DevOps']
4841351,grudev,['Mobile']
10215265,morgscode,['Frontend']
743975,dmitrypol,"['Backend', 'DevOps']"
8526684,biplovkumar,['Mobile']
2975424,MIDIeval,['Mobile']
6689698,simonlzn,"['Frontend', 'Backend']"
12023432,sankarsans,"['Frontend', 'Mobile']"
4841596,singhjagtar0290,['Frontend']
6688337,thomas-keller,['DataScience']
4845424,konekoya,['Frontend']
4845644,brittothomas,['Mobile']
13959803,daalimouhcine,['Frontend']
763080,phil-brown,['Mobile']
13958216,jimtheo-dev,"['Backend', 'Mobile']"
4855477,pedromrb,['Mobile']
764110,KranthiKishore,['Frontend']
8544346,vukasin90,['Frontend']
12034758,vitor-avanco,['Frontend']
12039696,manish-joshi-1996,['Frontend']
13963669,cmdrguyson,['Mobile']
6707430,ducbm95,['Backend']
4865194,karanjariwala,['Frontend']
775948,ronapelbaum,['Frontend']
12043307,daanlima,['Frontend']
8549436,songyang0716,['DataScience']
10239185,besufkadmenji,['Mobile']
12045916,jhasubhash,"['Frontend', 'Backend']"
3003669,sasuke40,['Frontend']
4872155,wilder,['Backend']
6711997,skav3n,['Frontend']
6718530,deshatom,['Mobile']
6719244,sergey121,['Frontend']
3013690,ss-bb,['Frontend']
12054261,shubhammahalank,['DataScience']
13981530,safwan-samsudeen,['Backend']
13980423,crse,['Mobile']
4881251,thisast,['Mobile']
3014041,naneri,['Backend']
3018870,cody1213,['DevOps']
6727930,plajdo,"['Frontend', 'Backend']"
4876515,alimurtazarabi,['Frontend']
13983584,badalsherpa,"['Frontend', 'Backend']"
3017342,davidrpugh,['DataScience']
3024661,sinanduman,['Backend']
3025001,hatemb,['DataScience']
8563549,saghishiri,['Frontend']
822774,ntoxeg,['Backend']
3020058,jcliberatol,['Frontend']
6732710,kregister,['Frontend']
8569155,hasanali28,['DataScience']
6734785,haneetsingh,"['Frontend', 'Backend']"
830785,somethvictory,['Mobile']
12075598,cristopheryusuke,['Frontend']
10272204,pranavmujumdar,['Frontend']
6739703,anmoldeep0123,"['Frontend', 'Backend']"
4902660,tal1992,['Frontend']
13999797,chetanrakhra,['Backend']
14000161,felipepitol,['Frontend']
6748763,easazade,['Mobile']
8579855,gokulakannant,"['Frontend', 'Backend']"
845800,shearerp,['DataScience']
846624,bsnux,['Backend']
6751438,pranavj1001,['Mobile']
12081648,bhush-1603041,['Frontend']
3043764,mlaroy,['Frontend']
847382,pitaj,"['Frontend', 'Backend']"
10278638,ujingene,['DevOps']
8587661,deepakpathania,['Backend']
853075,guanlun,['Mobile']
6751907,naimjeem,['Frontend']
3053594,A-Sandwich,['Backend']
8585699,itskhagendra,['DataScience']
3052527,manimal1,['Frontend']
863119,lorem--ipsum,['Frontend']
8591612,dizefurkan,"['Frontend', 'Backend']"
860311,vitovalov,['Mobile']
6759694,eclecticexistential,['Frontend']
6763074,patrickbucher,['Backend']
4919355,tmerrittsmith,['DataScience']
8593904,travorlzh,['Frontend']
8593983,sivakumartskl,['Frontend']
3056908,shimuls,['Mobile']
6763334,rsampdev,['Backend']
6763565,halumz,['Frontend']
875813,miaonster,['Frontend']
8599900,anyelopetit,['Frontend']
4922688,jreybaylen,['Mobile']
12098418,jkmosdev,['Frontend']
14021021,piyushpalod,['Frontend']
884565,vparihar01,['Mobile']
10303948,edsontrick,"['Frontend', 'Backend']"
8600606,bmcmenamin,['DataScience']
14024134,iagxferreira,['Backend']
6773458,rauf-asad,['DataScience']
10304819,andrelmlins,['Frontend']
4935838,qinbx,['Frontend']
6781013,rchung95,"['Frontend', 'Mobile']"
8611108,WuWaA,['Frontend']
912111,mmraja83,['Frontend']
908749,nsuinteger,['Mobile']
4941887,codekult,['Frontend']
4942373,juanscv,['Mobile']
4940639,kala725,"['Frontend', 'Backend']"
916876,cjbeauchamp,"['Frontend', 'Backend', 'Mobile']"
10315799,pierpaolo28,['DataScience']
6790948,milindchawre,['DevOps']
6793452,ivandevp,"['Frontend', 'Backend']"
923192,binary-data,['Backend']
3090556,shivamb,['DevOps']
14046295,somuyadav,['Mobile']
12125004,crazy-coding,['Mobile']
925151,pleerock,"['Frontend', 'Backend']"
8627539,bzftmxc,['Backend']
938172,truki,['DevOps']
8632538,federicodecillia,['DataScience']
4958453,abhishek325,['Frontend']
14055613,CrgioPeca88,['Frontend']
14055692,sandipdesigner,['Frontend']
936643,SpaceBeers,['Frontend']
946402,ivellios,"['Backend', 'DevOps']"
6809092,alekseypudlo,['Backend']
3109019,rafatieppo,['DataScience']
3108014,ashalan,['DataScience']
10335908,otaviocv,['DataScience']
6814203,rifqiazizi,['Mobile']
14063780,dattran2008,['Frontend']
6808474,prajwalmr62,['Frontend']
4968678,artemkloko,"['Frontend', 'Backend']"
10344207,janikgar,"['Frontend', 'Mobile']"
4974497,ngbaanh,['Mobile']
8643804,tomasgonzalez,['Frontend']
6819547,gaeun917,"['Frontend', 'Backend']"
12142849,mishieck,['Backend']
12142924,sathishnotes,['DataScience']
4972988,jpigree,['DevOps']
3118450,danillo2k,['Frontend']
964526,deepakshinde,['Frontend']
970093,smcateer,['DataScience']
8651757,gayakrish,['Mobile']
10346275,spidyhackx,['Frontend']
10349219,oculzac,"['Frontend', 'Backend']"
981083,dddpaul,['DevOps']
14070417,alsiddegmohmmed,"['Frontend', 'Backend']"
10352627,josephcrispell,['DataScience']
6826932,pedrovsp,['Frontend']
983065,petrepatrasc,"['Frontend', 'Mobile']"
8656493,ahmadiehsan,"['Frontend', 'Backend']"
4983861,eslamelmeniawy,['Mobile']
8657945,akcentchester,['Frontend']
989968,srvaroa,['Backend']
997537,mayojava,['Backend']
4995451,faisalburhanudin,['Backend']
1003032,jpros,"['Backend', 'Mobile']"
14084481,pratikfandade,"['Frontend', 'Backend']"
6839998,pjalmighty42,['Frontend']
3139266,asodariyap,"['Frontend', 'Mobile']"
12167464,gunarajkhatri,"['Frontend', 'Backend']"
4997225,keithconroy,['Backend']
1020470,mikofski,['DevOps']
8679986,pgulegin,['Backend']
3144156,kalabasa,['Frontend']
6853556,zafree,"['Frontend', 'Mobile']"
5006924,gabrielpiovanisantos,['Backend']
3154167,joaocnh,['Frontend']
3151418,ksanaforge,['Frontend']
1024801,erickthered,"['DevOps', 'Mobile']"
10378368,moki-daniel,['DevOps']
12172457,francois-rozet,['DataScience']
10381657,bvego,['Frontend']
1029486,lukasborawski,['Frontend']
6854216,femontanha,['Frontend']
12174094,alexthebaker,['Backend']
6856029,isabaez,['Frontend']
12180672,shafiq-sanchy,['Frontend']
6856629,nikhilsingh13,['DataScience']
12176896,yaleksandr89,['Backend']
6858684,instrumaniak,['Frontend']
1042817,rockyy,['Mobile']
3162721,luispcosta,['Backend']
3165365,pvanassen,['Backend']
1045900,ajanshrestha,['DevOps']
1046117,bencamps,['Mobile']
12184211,sabrinapalm,['Frontend']
1043575,aristona,"['Frontend', 'Backend', 'Mobile']"
12186001,aoiyamada,['Frontend']
6854299,cvillanueva,['Mobile']
8692205,abisoyealli,['Frontend']
6868682,chanspark,['Frontend']
10397701,sagemw,"['Frontend', 'Mobile']"
6871977,remigioamc,['Mobile']
6871683,moleculardeveloper,['Frontend']
10398838,keithaustin,"['Frontend', 'Backend']"
8700532,ChristianSirolli,['Mobile']
10402594,cabralti,"['Frontend', 'Backend']"
3180723,vasu014,"['Frontend', 'Backend']"
10405030,emskaplann,['Mobile']
1072825,pavan4,['Mobile']
1062094,jasonMatney,['DataScience']
5033505,hendrixroa,['Backend']
12198209,braydentw,['Frontend']
6880595,artyom-ganev,['Frontend']
3185232,nmalizia,['DataScience']
8707187,sanjulamadurapperuma,['Mobile']
1072489,zjhiphop,['Frontend']
14127155,ramakm,['Backend']
6888084,kukuandroid,['Mobile']
6888394,rodolfoestevam,['Mobile']
3194322,bogdanpetru,['Frontend']
1088916,danaknyc,['Mobile']
1089228,stevetarver,['Frontend']
8721201,rakeshneela,['Mobile']
1093223,amit-tomar,"['Frontend', 'Backend']"
12215133,tylermayes14,"['Frontend', 'Backend']"
5051309,gbmahili,['Mobile']
8715480,tomcosta,['Mobile']
5049034,chandamotiyani,['Backend']
8723293,aaronastle,['Frontend']
6896760,jeffreyxparker,['DataScience']
3200552,merhoo,['Mobile']
10426661,dev-segal,['Frontend']
10427360,leskaa,['DevOps']
14142345,tornikeo,['DataScience']
1098743,gabrielwebb,"['Frontend', 'Mobile']"
6902412,rodobarcaaa,['Backend']
1106000,hot33331,['Mobile']
3205067,cosmicBboy,['DataScience']
3205196,yongluo2013,['DevOps']
3206688,creatorbe,['Mobile']
1111037,shawnnaquin,['Frontend']
1110174,yoyocicada,"['Frontend', 'Backend']"
8730801,tmohammad78,['Frontend']
10434654,artyorsh,['Mobile']
6906571,sitano,['Backend']
14153645,gabrielejm,"['Frontend', 'Backend']"
3212623,pranav93,"['Frontend', 'Backend']"
3217791,diss1993,['Mobile']
10440989,mikhil123,['Backend']
10441282,ajdelossantos,"['Frontend', 'Backend']"
8739584,sarkaromar,['Mobile']
1132162,chriscamplin,['Frontend']
1134973,dodev,['Backend']
1135756,lynn-cc,['Frontend']
5074448,thibaultbl,['DataScience']
8747121,klausandrade,['Frontend']
14168397,josepmorgado,['Frontend']
1142593,chestnutchen,['Frontend']
10449030,oliveira-julio,['Backend']
5078760,WilliamIPark,['Frontend']
8750152,yhlben,['Frontend']
1148020,bagratkirakosian,['Mobile']
6922739,mattmotoki,['DataScience']
3233398,eliux,"['Frontend', 'Backend']"
1151189,kalpeshgamit,['Mobile']
3231814,nathpaiva,['Frontend']
3232586,quethzel,['Mobile']
1162778,alexjosesilva,['Mobile']
1159682,hiravgandhi,['Mobile']
6932002,lnkirkham,['DataScience']
1162392,mkoubik,['DevOps']
1167756,dforshner,"['Frontend', 'Backend']"
3230441,dandiaczun,['Frontend']
10462872,copelia,['Frontend']
1169022,m0ikey,['Mobile']
6939345,quentinallen,['Frontend']
1177084,geclos,['Frontend']
1180359,lucasmreis,['Frontend']
6942013,danielcb29,['Frontend']
6942895,floptart,['Mobile']
3243488,behnammodi,['Frontend']
10468670,trackmystories,"['Frontend', 'Backend']"
3249655,vribeiro1,['DataScience']
14191019,hamed701326,['Backend']
1188341,smrq,['Frontend']
1194761,prrao87,['DataScience']
3249775,dinkydani,['Frontend']
3254170,fabiojose,['DevOps']
5104886,neotan,['Frontend']
1203808,honeyonsys,['Frontend']
12268671,manatran,['Mobile']
8778944,mitesh1711,['Frontend']
3262139,amitasviper,['Backend']
6995981,jdolle,['Frontend']
6996598,SSamanta,['Mobile']
6996855,maticaputti,['Frontend']
1201759,amitdhawan,['DevOps']
1213267,zhuhuihuihui,['Mobile']
5112620,nhend,['Frontend']
7000892,ollilinde,['Frontend']
10488686,ajdinhalac,['Backend']
8790567,jprpich,['Frontend']
5121982,gollyzoom,['Mobile']
12282867,medelman17,['Mobile']
5122383,kr4ckhe4d,['Mobile']
12281608,a-bawer,"['Frontend', 'Backend']"
10492295,mbledkowski,['Frontend']
10495893,bmreiniger,['DataScience']
1234666,xamut,"['Backend', 'DevOps']"
8793854,luckydudethakur,['DevOps']
14209797,redmasters,['DevOps']
8797590,felippe-regazio,['Frontend']
8797492,jon-smiley,['Frontend']
8795046,elenamlopez,['Frontend']
14214082,evolcoders,"['Frontend', 'Backend']"
8791990,chris-prener,['DataScience']
10498119,99sbr,['DataScience']
1238943,jvivs,['Frontend']
1242280,he8us,['Frontend']
5133329,josemyduarte,"['Backend', 'DevOps']"
7017870,bojpav,"['Frontend', 'Backend']"
7018263,lanifield,['Frontend']
3283990,www.t0mclaudio,['Frontend']
8799395,ratulbasak,['DevOps']
1252250,rossilorenzo,['DataScience']
1254210,fedeonline,['DevOps']
14222420,olegtsizdyn,['Frontend']
7024220,rickmcgavin,['Backend']
7024450,imukulmunjal,['Backend']
10501031,jackie1santana,['Frontend']
5136554,ogasimli,['Mobile']
5138134,niyamatalmass,['DataScience']
5140319,jhonatancasale,"['Backend', 'DevOps']"
7023177,ke1echi,['Mobile']
12301389,salmanazeez,['Frontend']
1258622,yvesmh,"['Frontend', 'Backend']"
1258681,mukeshyadav,['Frontend']
1250678,TomAnt,['Mobile']
3298300,cabelotaina,['Mobile']
8807152,rrrokhtar,"['Frontend', 'Backend', 'DevOps']"
10511947,rmcc0724,['Frontend']
7037228,larry-lu,['DataScience']
3301376,cmarius,['Frontend']
5154107,iandraves,['Frontend']
8826471,srad1292,"['Frontend', 'Backend']"
8827596,anlramirezs11,['Frontend']
10530055,kante-srikanth,['Frontend']
7040935,sanakdam,"['Frontend', 'Backend']"
1292818,cassioscabral,['Frontend']
1290943,gramirezcarrero,['Backend']
5158372,mammad2c,['Frontend']
5163715,people-06,['Frontend']
3319298,epigene,['Backend']
12324597,mayank-1,['Mobile']
7043305,simonhlee97,"['Frontend', 'Backend']"
3321444,AdoHe,['Mobile']
3322318,kevinzhang19870314,['Frontend']
5168411,gureuso,['Backend']
5168852,alim4egg,['Frontend']
10536281,igorwilbert,['Mobile']
1306248,skorkmaz88,['Mobile']
8837568,www.fevziomurtekin,['Mobile']
1309818,babus,['Backend']
1309899,kardapoltsev,['Backend']
5177148,anka-sirota,['Backend']
10533261,jayprakash548,['Frontend']
3322507,jennieji,['Frontend']
1313214,dan-blanchard,['Backend']
1313441,adrianhall,"['Backend', 'Mobile']"
1323257,habibbhutto,['Mobile']
7056926,iamshrikantjha,['Mobile']
5181313,manubhargav,"['Frontend', 'Backend']"
5179810,pyve,['Backend']
10550475,skabongo,['DataScience']
5185788,chaminihasanga,['Mobile']
3339650,attawutn,['DataScience']
3339907,shhdharmen,['Frontend']
1336352,adagen,['Frontend']
1335050,cole-maclean,['DataScience']
14267311,basil-kawak,['Frontend']
14267763,ewanhansen,['Frontend']
1329461,ldlsegovia,"['Frontend', 'Backend']"
3344695,kylezeeuwen,['Frontend']
12339900,leohajder,['Backend']
12339963,reinierdantas,['Frontend']
12346096,aguiarsilva,['Frontend']
7069574,wagnerssouza,"['Frontend', 'Backend']"
1346510,sompylasar,['Frontend']
7072974,ingeniousambivert,"['Frontend', 'Backend']"
8861938,samie820,"['Frontend', 'Mobile']"
1341399,oskarszura,['Frontend']
12348584,h3ar7b3a7,['Mobile']
10558501,spenderj,['DataScience']
5200329,bhishanpdl,['DataScience']
12353452,rirfanuddin,['Backend']
10559533,JRThurman01,['DataScience']
3354966,wxt2005,['Frontend']
1357793,indamix,['Frontend']
5201775,vjyramesh,['Frontend']
5208124,ramithrd,['Mobile']
1366719,eddwardo,"['Backend', 'Mobile']"
7085673,gsparzak,['Frontend']
1368240,Elvin1492,['Backend']
14289874,jpedrosiq,['Frontend']
1366168,tsheasha,['Backend']
7086406,kennethabad,['Frontend']
1375250,exebetche,['Mobile']
7088841,mavafaei,['Backend']
7089137,adescode,['Mobile']
7085779,apachaves,['DataScience']
12369916,alfarelzaki,['Mobile']
7090271,jacobgeogeek,['DevOps']
3371795,narayana108,"['Frontend', 'Backend', 'DevOps']"
14295884,azam1122,"['Frontend', 'Backend']"
1382138,copperlight,['DevOps']
8881324,abhiox,['Frontend']
5223115,drewabbot,['DataScience']
3377445,kousu,['DataScience']
10585254,celis,['DataScience']
5223309,shabab477,['Mobile']
7097668,kkhenriquez,['Frontend']
5225183,hernandanielg,['DevOps']
10595207,suvamrox,['Backend']
8894367,bazub,"['Frontend', 'Mobile']"
3384821,asharn,['Mobile']
12379423,danielp28,['Backend']
12379441,marcfreir,['Frontend']
1397117,VitorBarbosa,['Mobile']
10597179,hyltonjean,['Frontend']
5236005,michetonu,['DataScience']
1403997,4gus71n,['Mobile']
10596796,tamiresmelo,['Frontend']
14309352,mfouesneau,['DataScience']
1405291,matt-st,['Backend']
3387404,alperalin,['Frontend']
3394401,willyrgf,['Backend']
3391120,littlerkap,['Mobile']
7109792,hurick,['Frontend']
12392666,Almissbah,['Mobile']
10597464,devibrahem,['Frontend']
10605604,ratebseirawan,['Mobile']
10603313,shakiz,['Mobile']
3396594,AndreaHK5,['Backend']
3401488,rushijagani,['Frontend']
5248033,ephygtz,['Mobile']
1410715,viscosho,['Frontend']
3399840,ptmccarthy,['Backend']
7121618,iamkennethreyt,['DevOps']
1409379,caprado,['Frontend']
5251758,sagar03d,['Backend']
8917117,silry,"['Frontend', 'Backend']"
10615031,imzeeshan-ai,['Mobile']
14328637,eloghosaedobor,['Frontend']
7128868,gbassisp,['Frontend']
10623308,azabraao,['Frontend']
1431957,liberph,['DataScience']
3415409,eliasah,['DataScience']
5261796,urcuqui,['DataScience']
1440035,CourtneyJordan,['Frontend']
3421202,vishal21st,['Frontend']
1438845,suryavanshi,['Mobile']
10626901,kevin20g,['Mobile']
5264981,paulbunker,['Frontend']
1447130,jeevan-adiga,['Mobile']
5275436,govindapaliwal,['Mobile']
12425295,ivanstack,"['Frontend', 'Backend']"
8936964,hendri1,['Frontend']
1448027,Daizong,['Backend']
3433037,estebangm81,"['Frontend', 'Backend']"
10636137,turskyi,['Mobile']
5276831,deku,['DevOps']
1463174,FilledStacks,['Mobile']
1463681,Wildhoney,"['Frontend', 'Backend']"
1453965,anandharshan,"['Frontend', 'Backend']"
14349990,vj-yadav,['DataScience']
8950186,wyphyoe,['Mobile']
8951083,athanwebdev,['Frontend']
3441549,victorparracant,"['Frontend', 'Backend']"
7164540,v1ll0,"['Frontend', 'Backend']"
10652431,tmedinger,['Frontend']
1464739,scevans,['DataScience']
3445475,tuchangwei,['Mobile']
3445977,surmin2005,['Frontend']
8946719,gregorip02,"['Frontend', 'Backend']"
7159726,foxtreme,"['Frontend', 'Backend']"
5293305,antoniosj,['Mobile']
1470979,rahmathm1,['Mobile']
10656943,cerofrais,['DataScience']
5290775,yog9,"['Frontend', 'Mobile']"
5294057,romulets,['Backend']
7167274,owenjonesuob,['DataScience']
7170133,jashu,['DataScience']
8960519,moumen-soliman,['Frontend']
8960773,tensorflow,['Backend']
10664991,microsoftjulius,"['Frontend', 'Backend', 'Mobile']"
3456065,themoonraker13,['Backend']
3459995,chekit,['Frontend']
3460615,guangleikarldai,['Mobile']
5306524,iamthen0ise,['Backend']
7179559,kayvank,['DevOps']
7182715,asamad123,['Frontend']
1486950,anrei0000,"['Backend', 'Mobile']"
3467252,kinstelle,['Frontend']
10668436,anonyma,['Backend']
3465182,willsb,['Mobile']
3473200,zgreen,['Frontend']
8986124,siddharthsham,['DataScience']
3476344,anshulk,['Backend']
3476346,zachdj,['DataScience']
1497627,drecodeam,['Frontend']
7190795,marcelormourao,['Frontend']
3473971,leofontes,['Mobile']
7193832,daniloab,['Frontend']
1499117,metapraveen,['Frontend']
8987189,hamza1001101,['Frontend']
10681011,harshalhirve,['Mobile']
3479502,shockinglee,['Mobile']
10687735,felixetorres,"['Frontend', 'Backend']"
8993864,1xuan,['Backend']
10691709,dima-kostenko,['Frontend']
10689054,iatechicken,['DataScience']
12476030,sajjadium,['Mobile']
12476665,owolabi-oluwatosin,"['Frontend', 'Backend']"
1523444,mdelamata,['Mobile']
3488634,husainitis,['Frontend']
10701857,zundarik,['Backend']
9011225,amit2020cs,['DataScience']
7208700,zishone,['Backend']
1535436,mateuszbuda,['DataScience']
7214663,victorffernandes,['Backend']
3502119,csrobinson86,['Frontend']
9023024,gjkoplik,['DataScience']
1537816,joshuakaden,['Mobile']
10715272,coltonzp,['Frontend']
10715457,dineshiva,['Mobile']
10716456,FSamiez,['DataScience']
3513271,willredington315,['Frontend']
5354948,jrmeza514,['Mobile']
5355145,jayanisumudini,['Mobile']
5355342,tdle94,['Mobile']
5361911,imraqes,['Frontend']
10722840,guseynov,['Frontend']
5364299,josnun,"['Frontend', 'Backend']"
9036322,reisdev,"['Frontend', 'Backend']"
3516838,k88lawrence,['Frontend']
10724540,ruslancik,['Frontend']
7236061,oguzdag,['DevOps']
3521242,diogen737,"['Frontend', 'Backend']"
12502093,sethclydesdale,['Frontend']
5371821,mingyangshang,['Mobile']
7240776,omadoyeabraham,['Mobile']
7244662,arihantjain456,['Mobile']
3528103,britneys,"['Frontend', 'Backend']"
10725759,carlosarroyoam,['Mobile']
12505714,theobernard97,['Frontend']
12511327,gsg-g8,"['Backend', 'Mobile']"
5370933,valsouche,['Frontend']
5374702,botraunak,['Mobile']
7242275,dinukasal,['Backend']
3534558,jlquaccia,['Frontend']
1578975,turbolion,"['Frontend', 'Backend']"
1576621,araujojordan,"['Backend', 'Mobile']"
1574059,danguilherme,['Frontend']
10739693,narias1999,['Mobile']
1581276,torstenwerner,['Frontend']
10742700,adhikaar,"['Frontend', 'Backend']"
9053568,viniciusdeep,['Mobile']
12521832,tralahm,['DataScience']
10743858,africane,"['Frontend', 'Backend']"
7255999,muhammadmuzammilsharif,['Mobile']
7254120,wasiqkhan,['Mobile']
5386023,williamdekou,['Mobile']
3551599,bartekkroczek,['DataScience']
1586313,keerthik,"['Frontend', 'Mobile']"
9066462,yadavved,['Mobile']
7259792,ksantacr,['Frontend']
5397495,osorensen,['DataScience']
9065839,alexjeanderae,['Frontend']
12530351,gbazil,['DevOps']
1607047,nisanth074,['Backend']
1607098,touki653,['Frontend']
10758321,johnmelodyme,['Mobile']
10763493,ok70,['Mobile']
7269430,juliansruiz,['Frontend']
1609458,orjandesmet,['Frontend']
1610777,minhld,['Mobile']
10772609,tirgei,['Mobile']
7285471,dewunmi,['Backend']
10778310,rperry99,['Frontend']
3568919,nasifmdtanjim,['Frontend']
12552437,jonathankamau,['Backend']
10779675,xncbf,['Backend']
1630166,ivanblazevic,['Frontend']
1621626,nash171,['Frontend']
5418234,pratiknajare,['DevOps']
9092427,giangvincent,['Backend']
9094327,rodolfofranco,['Mobile']
7300675,hugosjoberg,['DevOps']
5431572,jubairsayeedlinas,['Mobile']
9089296,patrikmulato,['Frontend']
10791994,adrszl,['Frontend']
9101370,eccriley,['DataScience']
12561765,habibwritescode,['Frontend']
7306659,giuseppegagliano,['DataScience']
7303170,dancsalo,['DataScience']
7303234,sr6033,['Backend']
7303414,ismailnurudeen,['Mobile']
1650128,tassoevan,['Frontend']
9108140,idowhatido,['Mobile']
1655776,floresfdev,['DataScience']
7311564,nauberinho,['Frontend']
5439722,larrygeams,['Frontend']
9108912,vaebhav,['DataScience']
7315618,bzame,['DataScience']
9111701,crisgon,['Frontend']
1661664,dickeylth,['Frontend']
3602767,qandeelabbassi,['Frontend']
3596590,wylkon,['Frontend']
9113901,vijay-krishnamoorthy,['Frontend']
12572705,guscarpim,['Frontend']
5449981,johnayeni,['Frontend']
9114012,amirsaranbih,['Frontend']
9120503,lkikui,['Frontend']
10808608,mrjustinfry,['Mobile']
5457259,janlauge,['DataScience']
1671897,frank3stein,"['Frontend', 'DevOps']"
1675860,modularcoder,['Frontend']
9118557,ali27001,['Frontend']
3612053,l-lin,['Backend']
1677299,themarcelor,['DevOps']
12585712,avats101,['Frontend']
14507954,zickydeng,['Frontend']
7331572,kyonru,['Mobile']
9131101,jyotiranjanjally,['DataScience']
10816101,knightyun,['Frontend']
7336406,kheppenstall,['Backend']
7339820,maddy8381,"['Frontend', 'Backend']"
14516786,sunnykshahid,['Frontend']
5475829,joepkockelkorn,['Frontend']
10829448,mahmoudabdelazim,['Frontend']
3614616,ledinhphuong,['Mobile']
1691782,sovr610,['Mobile']
12599678,riy4dul,"['Frontend', 'Backend']"
5483415,rohya8,['Frontend']
10830886,Microsoft,['Frontend']
7349473,chandu87,['Frontend']
14522607,brpedr,['Frontend']
3635950,ivarb,['Backend']
1703696,darde,['Mobile']
14525963,ihsanazulkarnain,['DataScience']
5484013,pratik141,['DevOps']
9151184,baddin,['Backend']
1709647,nairobijs,['Frontend']
10844144,brayansti,['Frontend']
9154831,baopham92,['Frontend']
10838528,bluemiaomiao,['DevOps']
9153159,tr0lczyk,"['Frontend', 'Mobile']"
10842423,zinzidane,['Frontend']
9154703,gillenha,"['Backend', 'Mobile']"
5496740,sunilsharma1291,['Frontend']
5490290,jesserap,['Frontend']
5493478,saichandra42,['Frontend']
3645819,bergergit,"['Frontend', 'Backend', 'Mobile']"
5501496,sachinantony,"['Frontend', 'Backend']"
5502316,ashukid,['DataScience']
5497594,Goudgaime,['DevOps']
14537778,saurabhs78,['Frontend']
3654588,adam2392,['Mobile']
14543319,lalitcse,['Frontend']
10855918,themurtazanazir,['DataScience']
3659621,rhadow,['Frontend']
9174165,iamisathya,['Mobile']
1727948,konekoya,['Frontend']
5507885,alexko13,"['Frontend', 'Backend']"
7376041,ridvanaltun,['Mobile']
1733038,yepher,['Mobile']
9176071,carloscorream,['Frontend']
7376337,msindwan,['Frontend']
10865881,tdsprogramming,"['Frontend', 'Backend']"
5509609,deepak-devadiga,['Mobile']
7377615,hjoshi123,"['Backend', 'Mobile']"
3668478,nakajmg,['Frontend']
5516859,bagnaramon,['Mobile']
1739760,daniel-yap-aeiou,['Mobile']
10870762,sarora,['DataScience']
10869929,omergal99,['Frontend']
1740872,mishraas,['Frontend']
1741094,gopikrishna19,['Frontend']
7384523,stevenkuipers,['Frontend']
7385180,stopitdan,['Mobile']
3670164,marvin52,['Frontend']
9191338,youkaichao,"['Frontend', 'Backend']"
3682887,goran216,['Frontend']
5527156,saabbir,['Frontend']
9192951,pvzuntil,['Mobile']
1752562,leroygumede,['Mobile']
9196541,hklchung,['DataScience']
3680916,sodj,['Mobile']
10880267,diogojpina,['Mobile']
7393354,roshankrishnan7,['DevOps']
7396615,allefsousa,['Mobile']
9202604,saikathalderr,['Frontend']
1760929,imsontosh,['Frontend']
9202037,deeppines,['Frontend']
5538702,salehi186,['Frontend']
1763232,davidyangno1,['Mobile']
5535988,furkangursoy,['DataScience']
14574881,devm75,['Frontend']
14578053,JavierSada,['DataScience']
5540758,maasencioh,['DataScience']
3702595,hummatli,['Mobile']
9211830,alqamabinsadiq,['Mobile']
7412495,isaackrementsov,['Mobile']
9212444,bnarath,['DataScience']
9212505,csamywilliams,['Frontend']
1777549,rkpasia,['Frontend']
3706225,sundayoyeniyi,"['Frontend', 'Backend']"
1779128,robinl,['DataScience']
10903700,ahmedmadbouly,['DataScience']
7423807,warisgeek,['Mobile']
5556671,jasondwyer,['DataScience']
9217738,yuribenjamin,['Frontend']
1787832,arrunks,['Frontend']
5561013,commonstarling,['Frontend']
5559008,nadeemalvi,['DevOps']
10908375,nicolas-gervais,['DataScience']
7430490,madhankumar028,['Frontend']
5563762,thomasyimgit,['Frontend']
7427585,mohouyizme,['Frontend']
7427587,cjshay,"['Frontend', 'Backend']"
3721762,gdiasdasilva,"['Frontend', 'Backend']"
10912874,heitormsantos,['DataScience']
1793539,aoto,['Frontend']
5566290,chrismlalazi,['Frontend']
7433009,patrickae,['Frontend']
7426325,lipaksahu,['Frontend']
3724557,unruffledBeaver,['Frontend']
3727909,mehdinourollah,['Mobile']
7439383,hasan-sh,['Backend']
5574177,lisskis,['Backend']
1804692,marclundgren,['Frontend']
1810205,AlexanderBaggett?tab=repositories,['DevOps']
1811064,ceosilvajr,['Mobile']
7442990,calderon,['Frontend']
5572558,hermanceaser,"['Frontend', 'Backend']"
7441365,fabiocatanese,['Frontend']
3735233,marsadie,['Frontend']
7442357,kunlebiyi,['Frontend']
3734570,cassiopimentel,['Mobile']
1828613,Kamaros,['Backend']
1828637,noitidart,['Frontend']
1826647,jchrist,['Mobile']
7443040,juxtux,['DataScience']
9242148,nagraj0308,['Mobile']
9248506,laxminarayan1998,['Mobile']
10931322,jlivingston01,['DataScience']
1821139,feralvarz,['Frontend']
1821528,kilo9,"['Frontend', 'Backend']"
3739387,davidopluslau,['Backend']
7452343,isaacmg,['DataScience']
3739502,japhetlee-ong,['Mobile']
1829950,housesofstones,['DataScience']
9242667,yvettez2017,['Backend']
10927014,scribblelightning,['Mobile']
3738219,wittydeveloper,"['Frontend', 'Backend']"
12711108,soumanpaul,['Mobile']
7456437,noramvillanueva,['DataScience']
7453363,Puritanic,['Frontend']
7447546,michmy,['Frontend']
12712340,peroalex,['Backend']
14621905,brent-f001,['Mobile']
7460020,srapanan,['Mobile']
9267306,tahoeboelat,['Frontend']
5597215,iurybas,['Mobile']
10949514,aryasurya21,['Mobile']
1839089,amiiit,['Frontend']
3760467,ramyrais,['Frontend']
3755747,Leeft,['Frontend']
5609613,waheedrafiq,['Mobile']
7474689,luizchaves97,['Frontend']
1847054,jastrzebowski,['Frontend']
7483559,ravindusachintha,['Mobile']
9280162,abduqodirov,['Mobile']
10946205,albertmolodec,['Frontend']
3759418,nathaneastwood,['DataScience']
1850869,optiklab,['Mobile']
1853229,sarfarazansari,['Frontend']
1860674,fgshprd,['Frontend']
10957147,doingstuffwithdata,['DataScience']
5623039,msadowski,['Mobile']
10970944,zielinski,['Mobile']
1876680,andrewflowers,['DataScience']
3790438,stobasan,['Frontend']
5638270,Sufiiiyan,['Mobile']
5639656,faizanaryan94,"['Frontend', 'Backend']"
10972908,altairka,['Backend']
12746375,rishabhsxn,['Mobile']
12746449,pankajcoder1,['Frontend']
1866714,coltofsam,['Frontend']
5625648,CodeBreaker30?tab=repositories,['Mobile']
5635243,yaochiqkl,['Frontend']
10986181,jhonnyizidoro,['Frontend']
3808228,cheskos,"['Backend', 'Mobile']"
5640343,mrsauravsahu,"['Frontend', 'Mobile']"
1881967,globchastyy,['Mobile']
9309076,sankarsans,"['Frontend', 'Mobile']"
7514765,shivanand217,"['Backend', 'Mobile']"
5646927,tristanhamel,['Frontend']
9305941,shubham-negi,['Frontend']
3802920,astercraker,"['Frontend', 'Backend']"
7507888,harinigb,['DevOps']
9312982,terryjreynolds,['Frontend']
12765350,dracorfs,['Frontend']
7513683,TheWalkingFridge,['Backend']
9302691,adimvicky,['Backend']
3803931,therealedsheenan,['Frontend']
9303245,jogiprasadpakki,['Mobile']
14664973,ashik4715,['Mobile']
9318390,carriesampson,['Frontend']
5652752,johncrescenzi,['Frontend']
1885786,koros,['Mobile']
12765224,raheelrjunaid,['Backend']
3815188,harunoknel,['Mobile']
1905846,everdark,['DataScience']
5659363,az8321550,['Frontend']
9322437,srinivas11789,['DevOps']
14684672,isheikh03,"['Frontend', 'Backend']"
12775837,daniepusb,"['Frontend', 'Backend']"
5657636,harryhare,['Backend']
1915600,macx,['Frontend']
14683540,spearsr,['Frontend']
3835344,jiayouxjh,['Mobile']
1930635,berryp,['DevOps']
1931605,shanalikhan,['DataScience']
11024529,pratham-10,['DataScience']
9338396,kiailandi,['Frontend']
9338461,ilyadaberdil,['Mobile']
1932723,viktorsmari,['DevOps']
3837427,rssfrncs,['Frontend']
7539158,naieem,['Frontend']
3840104,cjestal,['Frontend']
7535447,muhammad-hamdi,['Mobile']
11014150,earlold,['Frontend']
1933809,yunlzheng,['DevOps']
5681360,josephbill,"['Frontend', 'Backend', 'Mobile']"
9333159,om-theme4all,['Backend']
12793388,gabrielaraujo98,['Frontend']
1935267,jdrichardstech,['Frontend']
1936006,vijay1990,['Frontend']
5687196,matteofelici,['DataScience']
11026709,sharimnaveed,['Backend']
7548538,ahamedestiak,['Mobile']
1944118,rdignard08,['Mobile']
5699622,britishpandachick,['Frontend']
9347424,anorris57,['Frontend']
9347535,luisgc93,['Backend']
7553906,daddou-ma,['Frontend']
9350666,gzamann,['Frontend']
3851058,victorfern91,['Frontend']
12816919,glukicov,['DataScience']
9361247,loconluis,['Frontend']
14723087,mdrobelahmedcse,['Backend']
5712911,beaucharman,['Frontend']
1968948,gokulrajanpillai,"['DevOps', 'Mobile']"
12829959,dantoth24,"['Backend', 'Mobile']"
5711948,bleardrexhaj,['Backend']
1967143,kmponis,['DevOps']
3874220,chdoig,['DataScience']
9368069,alexsieusahai,['DataScience']
12834968,guillermo-martin,['Frontend']
12835017,sswoodruff89,"['Frontend', 'Backend']"
7580851,prabhant,['DataScience']
3888407,chdprimary,"['Backend', 'DevOps']"
9385643,stamatisdeli,['Frontend']
11063591,mmrydz,"['Frontend', 'Backend']"
14733420,jyothilakshmi-123,['Frontend']
14724231,noirdetective,['DataScience']
7583130,kervarecht,['Frontend']
1984760,drusy,['Mobile']
5721620,madrisan,['DevOps']
1979061,albertarvesu,['Frontend']
5727932,shankarchavan,['DataScience']
1990505,srvikram13,['Frontend']
9380480,manojmogalla,"['Frontend', 'Mobile']"
3889765,bsedg,['DevOps']
7585758,muhanad40,"['Frontend', 'Backend']"
5734205,raviganwal,['Mobile']
1996844,switer,['Frontend']
1997249,dytra,['Frontend']
1998041,thomaskeschl,['Backend']
5728493,chrisumphlett,['DataScience']
3897803,redpill,['Backend']
5732720,iamgabrielwu,['DevOps']
7597917,oli4maes,['Frontend']
1989857,mojtabamarashee,['Frontend']
11067991,candy9599,['DataScience']
1993569,kaizora,['Frontend']
5731525,adamspannbauer,['DataScience']
9393333,mostafazke,['Frontend']
9393525,lakshyasri,['Backend']
5741944,serazheng,['Mobile']
3907246,jaisontj,"['Frontend', 'Mobile']"
2004186,skrzyneckik,"['DevOps', 'Mobile']"
7593177,hamdij0maa,['Mobile']
7604961,voetst,"['Frontend', 'Backend']"
5745565,moonbyt3,['Frontend']
9399950,s-sam-sin,['Backend']
7600262,eozdil174,['Mobile']
11077364,poo17nam,"['Frontend', 'Backend']"
2009612,predatorian3,['DevOps']
7612287,ivan7237d,['Frontend']
9406763,abhinavkumar985,['Frontend']
3911106,antillas21,"['Frontend', 'Backend']"
12859836,mateusdanieel,['Frontend']
14747363,aizazjamil,"['Frontend', 'Backend']"
14751776,oday-najad,['Frontend']
7617726,nwaughachukwuma,"['Backend', 'DevOps']"
2023644,timofeysie,['Mobile']
2021293,frogermcs,['Mobile']
2019974,stevewhitmore,['Frontend']
11090167,jjmojojjmojo,['DevOps']
3915371,saileshpatel,['Backend']
11087021,johndearroy,"['Frontend', 'Backend']"
11096787,kishorchouhan,['Frontend']
3921169,kanish671,"['Frontend', 'Backend']"
5755160,protoeddy,['Frontend']
14759277,anash3420,"['Frontend', 'Backend']"
9408647,mikolagil,['Frontend']
9411169,eschenx,['Frontend']
5765685,leogsouza,"['Frontend', 'Backend', 'Mobile']"
9420200,elisvobs,['Mobile']
5772236,shiguol,['Mobile']
5773416,ritikpatni,['Frontend']
2045257,pharylon,['Backend']
12891532,hkbcode,['Mobile']
5766653,mikespux,['Mobile']
7643841,andremarquesdev,['Frontend']
11106397,Andrey-Sivak,['Frontend']
9434621,gsus,"['Frontend', 'Backend']"
5788434,x-web,['Frontend']
12905758,aniketsingh98571,['Frontend']
5785579,duonghominhhuy,['Mobile']
7648056,miami78,['Frontend']
2054741,pyboosted,['Frontend']
11115800,vignesh17,['Backend']
3957754,jrichardsz,"['DevOps', 'Mobile']"
3973420,milindhg,"['Frontend', 'Backend']"
12908532,jarasmar,['Frontend']
2057069,andyfaizan,['DevOps']
7655308,kaio-henrique,['Mobile']
11131391,hasanshaukat,['DataScience']
7657646,muzamil-ahmad,"['Frontend', 'Backend']"
2073721,amyhua,['Frontend']
2071491,egig,"['Frontend', 'Backend']"
2076247,katossky,['DataScience']
3972515,yudori,"['DevOps', 'Mobile']"
3981034,cfeltch537,['Mobile']
5808828,rtkleong10,['Frontend']
5814015,www.jhuku,['Mobile']
2097607,jotavejv,['Frontend']
3982519,sunnykrgupta,['DevOps']
11145244,bushrazafar,['Frontend']
2094022,davestroud,['DataScience']
7674342,ingtiti,['DevOps']
11147525,bftawfik,['Frontend']
9461849,wendux,['Frontend']
14801323,mktananki,['Mobile']
12921399,vercettizarak,['Frontend']
2089703,jisyed,['Mobile']
11154800,lucasemanuel,"['Frontend', 'Backend']"
3995263,anfe0690,['DevOps']
3986387,georgebrook,['Frontend']
9483083,tn710617,['Backend']
9483495,srknzl,['Backend']
11151587,neonnature,['Frontend']
11144567,HQuality,['DataScience']
12939246,melvinstark3,['Frontend']
3998892,vtoanb,['Backend']
5821865,rajiv-shrivastava,"['Frontend', 'Backend']"
3990559,sarwanpasha,['DataScience']
7679102,therealpineda,['Backend']
5827090,thisavoropaev,['Frontend']
4004884,kreja,['Frontend']
5830859,anubhav7495,['Backend']
3994272,arndbrugman,['Mobile']
3997658,sdlambert,['Backend']
3997776,malipetek,['Frontend']
3997801,bdhudson,['DataScience']
3997850,kalkotekedar,['Mobile']
12946098,patrick-debiasse,['DataScience']
2115286,nmaruthi,['DataScience']
3999257,yufeilong,['Mobile']
3999473,filflora,['Frontend']
11159097,tamzidoronno,"['Frontend', 'Backend']"
12941761,austinkarren,['Frontend']
2110334,hosseinsalmanian,"['Frontend', 'Backend']"
12953085,sarojkumar007,['Frontend']
12951350,mscaragab,['Frontend']
5837341,cpranzl,['DevOps']
11166952,mowneshachar,"['Frontend', 'Mobile']"
11168731,atul2427,['Mobile']
2128151,fingerpich,['Frontend']
2127367,poeticninja,['Frontend']
14837115,mahdi-zoraghi,['Frontend']
9502767,faysalneon,['Mobile']
2123469,ondc,['Mobile']
7697118,james-leung,['DevOps']
4023416,mostafarow,"['Frontend', 'Backend']"
5841382,dautmolahasanov1,['Frontend']
9510402,jesieoldenburg,['Frontend']
9510644,alanli011,['Frontend']
5853217,4mifix,['Frontend']
9499709,tomkim825,['Mobile']
5856861,dustin-longenecker,['Frontend']
9514608,gadhiyaakash,['Frontend']
2137653,kamilkp,['Frontend']
9512756,nikhilvadoliya,['Mobile']
7720568,sreesankar-g-warrier,['Frontend']
12965724,shahzainahmed,['Frontend']
5853731,philippschw,['DataScience']
2154011,fmaxx,['Mobile']
11195118,kenny1995,['Frontend']
4024693,antidata,"['Frontend', 'Backend']"
7723782,denglish7,"['Frontend', 'Backend']"
9520295,udith-shalinda,['Mobile']
12972867,sbalasundar,['Backend']
11193554,jonesmo,['DataScience']
2165949,v3rl4223n3,['DevOps']
2145339,adam-hite,['Frontend']
14856090,skouroufexis,"['Frontend', 'Backend']"
4029589,cswanghan,['Mobile']
2157606,membersheep,['Backend']
7711866,adhamshandle,['Frontend']
12977481,amitpatyal,['Mobile']
7734843,harshul1610,"['Backend', 'DevOps']"
2169727,stephlm2dev,['Mobile']
7728938,gaurav-bothra,['Mobile']
11203680,p1yu5h,['Mobile']
7735466,paramjeetdhiman,"['Frontend', 'Backend']"
5867852,faysvas,['Frontend']
7745374,ptprashanttripathi,['DevOps']
2182535,yessky,['Frontend']
4054858,asvd,['Frontend']
2180899,eshi42,['Mobile']
7736689,chrisakakay,['Frontend']
11213332,gopal529,['DevOps']
2173312,egpivo,['DataScience']
9546243,tarahform,"['Frontend', 'Backend']"
7749441,jaeminche,['Frontend']
9543391,ctaminian,"['Frontend', 'Mobile']"
5879734,jordan-morrison,['Mobile']
9549600,highflyer910,['Frontend']
11225458,muhammadfarimadyan,['Mobile']
2185567,liubko,['Frontend']
7761484,jouby,['Mobile']
7761788,dmitrybochkov,['Frontend']
2189932,hsali,['DataScience']
7744764,mavenusrs,['Mobile']
5893765,tdshuma,['Mobile']
2198481,oerpli,['DataScience']
5895196,krecebli,['Backend']
4069434,harunaadoga,['DevOps']
2198786,lumue,['Backend']
13010007,trigunawan89,"['Frontend', 'Backend', 'DevOps', 'DataScience']"
14882264,voletiswaroop,"['Frontend', 'Mobile']"
9571119,jordanzee,"['Frontend', 'Backend']"
5909059,cjcanlas01,['Backend']
2208975,jeffmcnd,['Mobile']
2217994,ssilve1989,"['Frontend', 'Backend']"
14894800,dr-streur,['DataScience']
13022827,ahammadshawki8,['DataScience']
2215811,msomu,['Mobile']
5920927,masta-g3,['DataScience']
9576697,michalskyz,['DevOps']
4095870,meteorzero,['Frontend']
4096165,michbil,['Mobile']
5912568,amjayesh07,"['Frontend', 'Mobile']"
7777732,girish-rajiv-patil,['Mobile']
13029342,silviu-stefanescu,['Frontend']
4097169,margaretgodowns,['Frontend']
7775673,Badranh,['Mobile']
2231118,bpolat,['Mobile']
9570588,sharma1612harshit,['DevOps']
7773813,sidharthanil,['Frontend']
9580405,surajmalpani,['DataScience']
9580636,macacajs,['Mobile']
5927177,emmanuelabiola,['Mobile']
5927529,terrytangyuan,['DataScience']
7789092,qskane,['Frontend']
7781266,elpopisencio,['Frontend']
2241683,sktguha,['Frontend']
2242127,mutly,['Frontend']
2229062,macgeekpro,"['Backend', 'Mobile']"
9584274,hpduy,"['Frontend', 'Backend']"
7787620,yash786agg,['Mobile']
5930949,carlos-algms,['Frontend']
7794451,vmussato,['Mobile']
4113777,jeqo,['Backend']
9582895,luciantr24,['DevOps']
2251787,mohsensy,['DevOps']
5937729,chandanbandi,['Mobile']
4120777,vlavorini,['DataScience']
13053054,dfriveros11,['Mobile']
5944560,eccriley,['DataScience']
9592135,developerkamrul,['Mobile']
14919092,codeme13,['Frontend']
7803313,ppyht2,['DataScience']
4128718,tinys,['Frontend']
7800006,codesilva,['Backend']
4136202,akshaym91,['Frontend']
9601925,daryan98,['Frontend']
5964750,theparadoxer02,['Backend']
4126280,aakashkhatter1296,"['Frontend', 'Backend']"
5955192,lukashenkoevgeniy,['Frontend']
7813244,sanjogshrestha,['Mobile']
13066938,kibala145,['Frontend']
4128192,xiaoyuze88,['Frontend']
13065531,tjutbryan,['Mobile']
9593978,julliasaad,['Frontend']
5967572,roundraw,['Frontend']
11295095,mariana-martins,['Frontend']
9610114,elmubarak,['Mobile']
7819928,alivemary,['Frontend']
7820222,timibadass,['Frontend']
14935234,manjunath-rudrapaada,"['Frontend', 'Backend']"
13064092,trevonlgee,['Frontend']
7823311,chrisregner,['Frontend']
5964038,alexd10s,['Mobile']
7833378,paulo-raoni,['Frontend']
9627734,Bryan0767,['Frontend']
5974270,samiralibabic,['Frontend']
4146745,willrichman,['Mobile']
11301039,azizulhasan,"['Frontend', 'Backend']"
9618752,ehsanjavadynia,['DevOps']
4154418,emphaticpuma,['Frontend']
7836131,AdnanKazi,['Mobile']
5984627,jactor-rises,['Backend']
5984876,yugasun,['Frontend']
11317879,standbyme227,['Backend']
5983196,ivanbardon,['Backend']
4166770,johnitvn,"['Backend', 'Mobile']"
9643907,chhayac,['DataScience']
4158845,zorrodg,['Frontend']
4160796,faneder,['Frontend']
2299492,cbevilaqua,['Mobile']
13088541,jithin-zachariah,"['Backend', 'DevOps']"
4166214,nihey,['Frontend']
13098053,c-lew-on-truth,"['Frontend', 'Backend']"
6002009,kiyoaki,['Mobile']
7850263,flavioab,['DevOps']
13098704,jansalvador1445,['Mobile']
4180718,nikasvan,['Frontend']
9653156,merdoth,['Mobile']
7847191,golok56,['DataScience']
2321666,codegaze,['Frontend']
4182275,kondratyev-nv,['Backend']
9646424,mlevitt,['DevOps']
9660215,williano,['Mobile']
4175999,natalie03,['Frontend']
4180295,torishere,['Mobile']
4186093,khaosdoctor,"['Frontend', 'Backend']"
4192059,andonigarcia,['Frontend']
14985376,vkrinichansky,['Frontend']
13116261,shivamvora,['Backend']
7868377,afikri,['Mobile']
7864103,a1k89,['Backend']
4201837,Nitesh-Mishra,"['Frontend', 'Backend']"
6026157,mahmoudsultan,['Backend']
2335276,bertop89,['DataScience']
11344078,tigressbailey,['Frontend']
2338142,Daario1999,"['Frontend', 'Backend', 'DevOps']"
2339398,ramonvictor,['Frontend']
6032355,charlesgithub,"['Frontend', 'Mobile']"
13116888,cconejov,"['Frontend', 'Backend']"
6020161,knorra416,['DataScience']
9679148,rhovell,['Frontend']
2344458,modrek,['Frontend']
9691157,koziolk,['Backend']
9680830,dalanad,['DevOps']
4211612,ephellon,['Mobile']
4198807,csbun,['Frontend']
2342537,gtempesta,"['Frontend', 'Mobile']"
2357370,alchemy86,['Frontend']
7890913,raghavsikaria,['DataScience']
6038271,katsew,['Frontend']
7885776,iozeen,['Frontend']
2357144,mufaddalmw,['Frontend']
7887744,pereiraryan,"['Frontend', 'DevOps']"
4213935,richmondalake,['Frontend']
13135245,mattchurgin,['DataScience']
4224839,edigirolamo,['Mobile']
6051475,isaacurbina,['Mobile']
2374139,tonghuashuo,['Frontend']
13142344,schemabuoi,['Mobile']
6055389,ijmccallum,['Frontend']
4222853,jaehyeon-kim,['DataScience']
9698420,harsh398,['Frontend']
6063180,ulisescabrera,['Frontend']
6063521,carolinaknoll,['Frontend']
6056359,wizlif,['Mobile']
4232911,stayrony,"['Backend', 'Mobile']"
9712642,danielb3,['Backend']
11383120,moki-daniel,"['Frontend', 'Backend']"
6067439,abdeldjalilfl,['Mobile']
9715752,singhmousam,['DataScience']
11386180,krenaldi,['Frontend']
13163765,hugogeorget,['Frontend']
2395760,rogerwelin,['DevOps']
11390646,musthafa-pa,"['Backend', 'Mobile']"
7920938,anwar254,['Frontend']
13166006,dschewchenko,['Frontend']
9728243,johnnymillergh,['Backend']
7927978,mardinw,['Backend']
9724628,robertg042,['Frontend']
2403193,eliasbagley,['Mobile']
13160814,hasimy-as,['Backend']
6070168,Tao-Quixote,['Frontend']
4256635,CaptEmulation,['Mobile']
6072164,wahidari,['Mobile']
7931959,andersonsaraiva,['Frontend']
11408489,shafiunmiraz0,['Mobile']
11403718,pepodyakov,['Frontend']
9725016,abdelouahedd,['Mobile']
2414635,oizie,['Frontend']
6090659,hongyangyu,['Backend']
15047485,augustojulio,['Backend']
9735415,victorjordan95,['Frontend']
9729879,iamvoid13,['Mobile']
13176608,appdevcanada,['Mobile']
13176863,nate-browne,['Backend']
2425783,siddharth-dubey,['Frontend']
11417760,toybz,['Mobile']
4269191,kunalsalve,"['Frontend', 'Mobile']"
7940129,adeojoemmanuel,['Mobile']
6108140,saniyad-hussain,['Frontend']
4274763,albertvillanova,['DataScience']
11419108,biplab-nag,['Mobile']
2430946,pwsiegel,['DataScience']
4276922,heliomsolivas,['Frontend']
6099663,trevorlindsay,"['DataScience', 'Mobile']"
2436306,guimarca,['DevOps']
15061442,oriorasajambu,['Mobile']
6106019,samerickson,['Frontend']
6106026,jacktandrew,['Frontend']
6106156,ealebed,['DevOps']
9750200,rfsfernandes,['Mobile']
2442747,mglrahul,['Frontend']
11432123,segun-ade,['Frontend']
13200230,dahimi,['Frontend']
4282579,Nic128,['Frontend']
11429002,veronicamanchola,['Frontend']
9757174,prakharrathi25,['DataScience']
9762217,bobfarias,"['Frontend', 'Mobile']"
4291885,iamarno,['DevOps']
6107280,yulioaj290,"['Frontend', 'Mobile']"
13202506,elvelive,['Frontend']
9757751,vinicius98s,['Frontend']
7969546,jilcimar,['Backend']
7963532,Klushechka,['Mobile']
4297487,rh0delta,"['Backend', 'Mobile']"
13207375,zfett,['Frontend']
11438214,WeggToby-dinosol,['Mobile']
2450607,hermantran,['Frontend']
2450863,davojta,['Frontend']
9776325,chavdarovae,['Frontend']
2452764,foxanna,['Mobile']
9769057,abdulrahim46,['Backend']
15076064,clemorcodes,['Frontend']
15082004,leimitmt,"['Frontend', 'Backend']"
2460173,covix,['DataScience']
7970759,stapetro,"['Frontend', 'Backend']"
6128425,hugororiz,['Frontend']
2470724,uknick,['Frontend']
4309508,Jwcrist,['DataScience']
2468938,romanitalian,['Backend']
2468986,frankbolton,['Mobile']
6131248,vsmolyakov,['DataScience']
11455823,aeleftheriadis,['DevOps']
13233653,20was,['Frontend']
7989560,pradeepakv,['Frontend']
6145169,ammoradi,['Frontend']
9785486,felipedkalves,['Frontend']
4324698,ashishpshende,['Mobile']
2480576,sainture,['Frontend']
4325134,ramybenaroya,['Frontend']
13235820,samarpan-rai,['DataScience']
15106663,luisferpinilla,['DataScience']
2504407,joelloyd,['Frontend']
9797582,kekayan,['Mobile']
2496393,rycastaneda,['Frontend']
4338762,mesadhan,"['Frontend', 'DevOps', 'Mobile']"
2504849,agarbayo,['Backend']
6162139,chillum,['DevOps']
8011208,dhananjayprojects,['Mobile']
11481441,shreeharivaasishta,['Backend']
2503447,hhffhh,['Frontend']
8007326,cristianpb,['DataScience']
6169434,emeka-osuagwu,"['Frontend', 'Backend']"
6166430,albelko,['Frontend']
4350918,swoldetsadick,['DataScience']
13259203,lucasarielrc,['DataScience']
6178576,alucidwolf,['Frontend']
6178696,sgtkuncoro,['Frontend']
4348470,pandaape,['Mobile']
11500635,ethanwllms,['DevOps']
2528905,dsuckau,['Frontend']
9824737,tomorth,['Mobile']
6177478,zrelux,['Mobile']
11506028,vmsolutionsdev,"['Backend', 'Mobile']"
11506278,amwebdev86,['Frontend']
6183159,iamtekeste,['Frontend']
8032585,dhanush13-c,['Frontend']
4363817,GeneralRinji?tab=repositories,"['Frontend', 'Backend']"
8040969,valeriiradko,"['Frontend', 'Backend']"
6195965,g0rush,['Backend']
6196892,nilesh7756,['DevOps']
11505597,fedorbozik,['Frontend']
4380308,johncipponeri,['Mobile']
4372983,bilalshareef,"['Frontend', 'Backend']"
2545628,prashant-andani,['Frontend']
4379163,alpinstang,['Frontend']
9849701,rajabiseraji,['Frontend']
11516795,JorgeAriasG,"['Frontend', 'Backend', 'Mobile']"
15150961,kuldip62,['DevOps']
6209928,aegeus24,['Mobile']
8057343,julianmnst,"['Frontend', 'Backend']"
6198085,athaman,['Frontend']
11527599,alexg-developpeurweb,['Backend']
6215776,duart3000,['Frontend']
13294082,arifian853,['Mobile']
4388593,ishantsolanki,['Frontend']
11531002,zebicn,['Frontend']
8049950,sanan4li,['Mobile']
8072817,paulcolon,['Frontend']
4410149,suraj2600,['Mobile']
6231562,gabcvit,"['Frontend', 'Mobile']"
4414367,knayan1,['Backend']
13314718,ahmadhassan7,['DataScience']
15159026,qazimaazarshad,['Frontend']
13298841,amay428,['DataScience']
13298900,rishab2019,['Frontend']
6218212,priyanshsaxena,['DataScience']
8060510,gourrylin,['Frontend']
9847105,casyazmon,"['Backend', 'Mobile']"
11540680,vinicius-araujo,['Frontend']
6237644,binarydevil,['Frontend']
8051772,SuriyaPrakashWebDev,['Backend']
11533799,victorreinor,['Mobile']
6230984,dannymonroy,"['Frontend', 'Backend']"
6239947,supratimh,['DataScience']
6240736,ryanmhoffman,['Mobile']
13320281,danieljamesross,['Frontend']
13319307,redcreator37,['Backend']
8079549,darwin06,['Frontend']
8079662,yukiisbored,['DevOps']
15168679,mahtamun-hoque-fahim,['Frontend']
6247685,madhav1993,['Frontend']
4433729,naingwin,['Frontend']
6235937,migaky,['Frontend']
6255726,jankovicdusan,['Frontend']
4432099,shenxianpeng,['DevOps']
13321061,poisonivysaur,['Mobile']
8093312,fogelkuba,['Frontend']
11554938,pikaaaaaa,['Frontend']
6244757,simonsnitz,['Frontend']
8108770,mudssrali,"['Frontend', 'Backend']"
4447121,anindyamanna,"['Frontend', 'Mobile']"
4404784,TehesFR,['DevOps']
4439064,akingdebased,"['Frontend', 'Backend']"
8095759,shreyneil,['Frontend']
8099110,praveenraghav01,['DevOps']
11561888,castrix,['Frontend']
11566585,gdiegel,"['Frontend', 'Backend']"
8106625,demistry,['Mobile']
13334098,ashharahamed,['DevOps']
15209440,usmcsky,['Frontend']
4446359,gpont,['Frontend']
13346452,chiragkyal,['DataScience']
6270740,dareenzo,['Mobile']
6271205,josephmtinangi,['Backend']
13356730,iamericfletcher,['DataScience']
13357050,mosesbenjamin,['Mobile']
8133059,abraaohonorio,['Mobile']
6281348,hikeislife,['Backend']
15206051,jordancoakley1232,['Frontend']
8130165,mayoorika,"['Frontend', 'Backend']"
6279523,slam24,['Mobile']
6277625,ihatem,['Frontend']
15213148,zer0el,['Frontend']
6304103,rashikaranpuria,['Mobile']
11606994,hissongjoseph,"['Frontend', 'Backend']"
15208050,pgmgent-2021-atwork1,['Frontend']
6294371,chendachao,['Frontend']
8141812,jufrench,['Frontend']
11594586,oneup27,['Frontend']
13366258,apopp524,['Backend']
8144506,glenthemes,['Frontend']
8153960,ryanaquino,['Backend']
8151343,anujp41,['Mobile']
8151582,hidalgoegz,['Backend']
11623523,zefraine,['Frontend']
11620841,ebysofyan,['Backend']
11607986,tawabshakeel,['DataScience']
11608371,zayeer,['Frontend']
15242939,srinchow,['Backend']
11641562,hriz256,['Frontend']
11641700,martaniemiec,['Frontend']
11602995,anirudhabhurke,['Mobile']
11653942,elminhoemmanuel,['Frontend']
11646401,cyber-eternal,['Backend']
15303063,bsef19a507,['Frontend']
13454937,vinayadiga7,['Frontend']
13464821,dev-mdminhaj,['Mobile']
13528156,fortnoxcode,['Frontend']
13512449,orsdev,['Frontend']
15334459,viraldevpb,['Backend']
11639444,bransonf,['DataScience']
11639689,www.sadham-hussian,"['Backend', 'DevOps']"
15292198,bdeering1,['Frontend']
13492089,ahmedelsied,['Backend']
13493624,aykut-sarac,['Frontend']
13496632,luc-constantin,['Frontend']
6313358,mikewolfli,['Mobile']
2555580,ashish-gaur,['Frontend']
13537503,kilowrey,['Backend']
14263,marcoluglio,['Mobile']
11665226,xaithe,['DevOps']
4457169,sravi4701,"['Frontend', 'Backend']"
2558972,asilbalaban,['Backend']
13596476,alessiopeluso,['DataScience']
13596686,christopher-chilengwe,['Mobile']
6317252,abodesigner,['Frontend']
4462203,manojkumar3692,['Frontend']
4462206,Klem,['Backend']
8168772,dc-gruesome,['Frontend']
18077,schizoduckie,['Mobile']
21370,paulosuzart,"['Backend', 'Mobile']"
8174466,soliman2,['Frontend']
4468359,dmitryt,"['Frontend', 'Backend']"
38368,pub-comp,['DataScience']
2570358,tguizelini,"['Backend', 'Mobile']"
9873350,analuspi,['Frontend']
4470761,ahlusar1989,['DataScience']
